PatientID,Age,Gender,City,VisitDate,BMI,BloodPressure,Cholesterol,Smoker,TreatmentCost,Readmitted
P5000,26.0,Female,GHAZIABAD,2023/04/30,25.2,177.0,165.0,N,32856.48,0
P5001,81.0,Male,Ghaziabad,2023/08/08,25.9,157.0,165.0,yes,19926.87,0
P5002,50.0,Male,Delhi ,2023/02/22,,104.0,219.0,unknown,5126.14,0
P5003,69.0,Female,GHAZIABAD,2024/03/26,29.4,178.0,263.0,yes,826.14,0
P5004,31.0,Female,Delhi,2024/02/16,,144.0,271.0,no,4099.02,1
P5005,70.0,Female,noida,2024/10/04,,124.0,173.0,No,14507.57,0
P5006,76.0,Female,Noida,2023/08/25,21.1,144.0,181.0,Yes,10171.86,0
P5007,58.0,Male,delhi ,2024/12/20,33.1,103.0,248.0,Y,5419.77,0
P5008,25.0,Female,Noida,2024/02/10,25.4,138.0,168.0,N,953.42,0
P5009,19.0,Male,Noida,2024/08/30,26.1,172.0,144.0,Yes,4953.49,1
P5010,58.0,Female,delhi ,2024/02/26,26.3,96.0,129.0,N,5564.32,0
P5011,72.0,Female,GHAZIABAD,2024/12/12,22.4,119.0,-1.0,Y,21610.68,0
P5012,33.0,Female,Ghaziabad,2023/09/04,33.8,172.0,263.0,yes,8697.38,0
P5013,79.0,Female,delhi ,2023/03/13,28.1,138.0,276.0,Yes,3487.7,0
P5014,65.0,Male,Gurugram,2023/07/04,26.2,,211.0,no,6460.89,1
P5015,47.0,Female,Delhi ,2023/01/06,20.5,105.0,253.0,No,1046.7,0
P5016,29.0,Male,noida,2023/07/25,20.2,140.0,263.0,no,29268.43,0
P5017,52.0,Female,Faridabad,2024/06/27,,161.0,267.0,No,4071.05,0
P5018,28.0,Male,GHAZIABAD,2024/09/02,22.5,171.0,199.0,unknown,5698.67,0
P5019,81.0,Female,Delhi ,2024/01/22,20.7,169.0,190.0,N,4011.56,0
P5020,67.0,Female,delhi ,2024/11/29,24.1,172.0,197.0,Yes,9678.52,1
P5021,38.0,Male,Gurugram,2023/03/17,24.9,260.5217435738778,162.0,Yes,9183.17,0
P5022,65.0,Male,Faridabad,2023/06/26,26.7,106.0,273.0,unknown,10551.18,1
P5023,37.0,Female,noida,2023/12/15,23.5,152.0,209.0,No,2997.36,0
P5024,84.0,Male,noida,2023/09/12,21.0,134.0,197.0,yes,3534.5,0
P5025,61.0,Male,GHAZIABAD,2024/12/02,21.1,166.0,280.0,Y,1570.55,0
P5026,50.0,Male,delhi ,2023/11/04,,96.0,145.0,no,9025.52,1
P5027,78.0,Male,Delhi ,2023/12/11,19.7,116.0,240.0,unknown,824.89,0
P5028,26.0,Female,Ghaziabad,2023/05/07,27.8,99.0,164.0,N,7784.11,0
P5029,52.0,Female,Delhi ,2023/10/14,28.6,123.0,182.0,unknown,16803.07,0
P5030,82.0,Male,Delhi ,2024/12/25,25.4,125.0,299.0,no,18218.95,0
P5031,25.0,Male,noida,2024/08/18,34.8,114.0,187.0,no,5268.71,0
P5032,62.0,Male,Ghaziabad,2024/05/01,28.5,95.0,273.0,N,5419.18,1
P5033,64.0,Male,Ghaziabad,2024/01/18,35.2,113.0,121.0,N,1140.74,1
P5034,57.0,Male,GHAZIABAD,2024/02/10,22.7,107.0,261.0,Yes,9387.87,0
P5035,71.0,Male,Faridabad,2024/01/23,22.8,176.0,227.0,no,14274.56,1
P5036,63.0,Male,Meerut,2024/06/08,84.1724067653436,95.0,149.0,Y,2744.65,0
P5037,64.0,Female,Noida,2024/07/10,24.7,118.0,168.0,Y,4875.78,0
P5038,32.0,Male,Noida,2024/09/30,34.4,114.0,259.0,No,15102.83,0
P5039,36.0,Female,noida,2024/09/17,27.7,,163.0,unknown,17272.41,0
P5040,43.0,Female,Meerut,2023/10/03,20.8,170.0,280.0,N,2729.04,1
P5041,69.0,Female,Faridabad,2024/05/14,17.3,135.0,132.0,Yes,6898.21,0
P5042,39.0,Female,Meerut,2024/12/17,25.6,308.21017481373167,197.0,Y,2210.43,0
P5043,38.0,Female,GHAZIABAD,2023/12/03,25.6,164.0,245.0,yes,1359.6,0
P5044,68.0,Female,Delhi ,2024/04/25,27.6,115.0,217.0,Yes,19863.79,0
P5045,55.0,Female,noida,2023/09/30,32.1,117.0,145.0,Yes,14240.98,0
P5046,37.0,Female,Ghaziabad,2023/02/27,31.4,92.0,268.0,Y,11918.09,1
P5047,46.0,Female,noida,2023/11/24,23.1,164.0,275.0,yes,899.96,1
P5048,68.0,Female,Noida,2024/12/31,19.5,127.0,167.0,No,15349.3,1
P5049,21.0,Male,Faridabad,2023/04/19,19.8,150.0,-1.0,Y,5110.65,0
P5050,72.0,Male,Meerut,2023/10/06,22.3,167.0,185.0,yes,3853.21,0
P5051,45.0,Male,Faridabad,2024/11/16,24.2,140.0,206.0,Yes,6825.66,0
P5052,21.0,Female,GHAZIABAD,2023/11/24,27.5,179.0,198.0,yes,1266.39,0
P5053,39.0,Female,noida,2023/11/11,22.0,137.0,142.0,Yes,11805.92,0
P5054,62.0,Female,delhi ,2024/04/18,27.4,110.0,200.0,unknown,7486.52,1
P5055,84.0,Female,noida,2023/04/21,27.8,143.0,167.0,Y,2152.16,0
P5056,83.0,Male,Ghaziabad,2024/11/29,26.7,145.0,243.0,N,2168.33,0
P5057,51.0,Male,noida,2023/08/17,20.4,148.0,249.0,Y,2129.17,0
P5058,72.0,Female,Gurugram,2024/05/11,28.3,161.0,203.0,unknown,969.53,0
P5059,18.0,Female,GHAZIABAD,2023/06/05,36.4,140.0,139.0,no,7589.94,0
P5060,55.0,Other,Delhi,2024/04/17,27.2,109.0,165.0,no,15178.08,1
P5061,23.0,Male,GHAZIABAD,2024/12/01,11.2,175.0,250.0,no,641.22,0
P5062,42.0,Female,Meerut,2023/09/29,32.2,148.0,131.0,Y,901.97,1
P5063,34.0,Female,Delhi,2023/01/02,22.5,160.0,159.0,No,7303.47,0
P5064,78.0,Female,Meerut,2024/12/22,37.3,98.0,185.0,Y,14196.0,0
P5065,29.0,Female,Meerut,2024/05/25,26.6,90.0,219.0,unknown,3664.98,0
P5066,23.0,Female,Ghaziabad,2023/10/13,,118.0,197.0,unknown,3941.52,1
P5067,44.0,Male,Ghaziabad,2023/01/13,15.7,152.0,135.0,N,7757.59,1
P5068,25.0,Female,Delhi ,2024/08/30,33.7,161.0,202.0,yes,3063.99,0
P5069,82.0,Female,Noida,2024/05/12,31.5,145.0,281.0,Y,715.75,0
P5070,74.0,Female,Delhi ,2023/08/26,37.1,157.0,163.0,Y,11131.11,0
P5071,57.0,Female,Delhi ,2023/04/04,26.1,124.0,253.0,Yes,8360.51,0
P5072,31.0,Male,Noida,2023/12/04,25.7,92.0,219.0,unknown,7454.42,1
P5073,52.0,Male,delhi ,2023/06/20,24.1,96.0,141.0,Yes,11328.58,0
P5074,65.0,Other,Delhi,2024/08/28,22.7,116.0,137.0,Yes,9497.12,0
P5075,73.0,Female,Faridabad,2024/10/22,24.0,,131.0,Y,2344.19,0
P5076,66.0,Female,Delhi ,2024/09/15,27.1,169.0,299.0,No,3976.86,0
P5077,30.0,Male,noida,2024/07/20,21.8,160.0,242.0,yes,1578.41,0
P5078,78.0,Female,noida,2024/04/11,17.7,133.0,236.0,yes,1612.78,0
P5079,66.0,Female,Meerut,2024/09/19,26.8,176.0,-1.0,unknown,9520.93,0
P5080,63.0,Female,Noida,2023/05/23,21.7,130.0,190.0,N,16149.31,0
P5081,79.0,Male,Meerut,2023/07/20,9.8,164.0,167.0,unknown,26817.09,0
P5082,25.0,Female,Gurugram,2023/06/29,28.8,131.0,138.0,No,8418.36,1
P5083,60.0,Female,Gurugram,2024/12/14,20.5,122.0,125.0,No,2127.72,0
P5084,37.0,Male,Faridabad,2023/12/30,29.3,139.0,203.0,yes,1393.27,0
P5085,56.0,Female,Ghaziabad,2024/04/23,29.2,152.0,274.0,no,13906.8,0
P5086,66.0,Female,Ghaziabad,2024/07/18,27.4,126.0,-1.0,Yes,7416.35,0
P5087,81.0,Female,Noida,2024/04/15,38.5,148.0,226.0,Yes,8204.65,0
P5088,79.0,Female,Noida,2024/01/19,25.3,170.0,220.0,yes,12666.37,0
P5089,71.0,Male,Delhi ,2024/11/22,24.6,137.0,167.0,unknown,10219.66,0
P5090,26.0,Male,Gurugram,2024/02/21,29.4,,254.0,No,14888.25,1
P5091,54.0,Male,Delhi ,2023/11/04,25.7,137.0,188.0,unknown,962.85,0
P5092,66.0,Male,Ghaziabad,2024/10/10,31.8,92.0,130.0,N,11511.41,0
P5093,58.0,Female,Delhi,2024/11/24,19.7,136.0,262.0,no,15722.57,0
P5094,34.0,Male,Delhi,2024/01/02,,151.0,250.0,yes,3196.49,0
P5095,38.0,Female,Noida,2023/01/01,29.8,103.0,241.0,Yes,8683.16,0
P5096,68.0,Other,Meerut,2023/02/13,20.2,152.0,188.0,Y,3516.91,1
P5097,76.0,Female,Ghaziabad,2023/04/08,29.0,150.0,142.0,unknown,25855.18,0
P5098,56.0,Female,Delhi,2024/12/20,27.9,120.0,156.0,No,771.96,0
P5099,72.0,Female,Ghaziabad,2023/09/22,22.5,106.0,128.0,Y,7436.06,0
P5100,58.0,Female,GHAZIABAD,2023/05/20,27.8,113.0,134.0,N,1957.01,0
P5101,56.0,Male,noida,2024/04/25,,112.0,250.0,yes,10464.48,0
P5102,30.0,Male,Gurugram,2023/08/25,21.0,,212.0,unknown,2047.61,0
P5103,81.0,Female,Delhi ,2023/03/13,24.8,139.0,136.0,Yes,2647.04,0
P5104,28.0,Female,Ghaziabad,2024/10/28,26.4,167.0,273.0,unknown,5955.61,0
P5105,36.0,Female,noida,2023/07/09,24.5,168.0,268.0,no,20205.31,0
P5106,28.0,Female,GHAZIABAD,2023/09/25,28.2,168.0,191.0,Y,2403.16,1
P5107,63.0,Female,Delhi ,2023/11/17,27.9,159.0,-1.0,no,1746.12,0
P5108,62.0,Male,Ghaziabad,2023/04/17,33.6,116.0,240.0,N,11882.9,1
P5109,18.0,Other,Noida,2023/08/20,25.5,104.0,130.0,Yes,6055.1,1
P5110,57.0,Female,noida,2023/02/11,32.0,139.0,285.0,Y,19923.84,0
P5111,36.0,Male,Delhi ,2024/12/02,,125.0,191.0,N,1768.35,0
P5112,78.0,Female,Ghaziabad,2023/05/19,37.5,97.0,225.0,no,8806.04,0
P5113,29.0,Male,noida,2024/09/06,25.4,168.0,244.0,no,2620.89,0
P5114,78.0,Female,GHAZIABAD,2024/11/13,23.9,92.0,154.0,Y,1864.03,0
P5115,50.0,Female,Ghaziabad,2023/09/30,32.3,151.0,238.0,Yes,9701.67,1
P5116,62.0,Male,Ghaziabad,2024/04/25,27.9,136.0,133.0,no,7705.0,1
P5117,25.0,Female,Ghaziabad,2024/02/20,32.4,166.0,133.0,yes,11746.34,0
P5118,42.0,Female,Faridabad,2024/05/20,29.6,177.0,129.0,N,3462.28,0
P5119,63.0,Male,Noida,2024/12/25,15.5,150.0,259.0,Y,5253.25,0
P5120,47.0,Male,GHAZIABAD,2024/02/28,27.9,121.0,157.0,No,4659.9,1
P5121,64.0,Female,Delhi ,2024/02/11,27.6,102.0,227.0,No,33626.19,0
P5122,66.0,Male,Faridabad,2024/07/21,26.7,90.0,-1.0,Yes,3265.3,0
P5123,64.0,Male,Meerut,2024/01/25,25.3,123.0,153.0,yes,3294.39,0
P5124,35.0,Male,Faridabad,2023/12/08,18.0,151.0,288.0,no,4002.44,0
P5125,83.0,Male,Gurugram,2024/09/05,30.4,168.0,129.0,No,7151.81,1
P5126,50.0,Female,Gurugram,2024/05/07,27.9,167.0,241.0,Yes,2826.27,0
P5127,53.0,Female,Ghaziabad,2023/07/11,31.5,171.0,264.0,N,20248.17,0
P5128,36.0,Male,Faridabad,2024/05/13,18.3,160.0,264.0,yes,2970.54,1
P5129,45.0,Female,Meerut,2024/12/12,28.5,120.0,234.0,yes,18592.75,0
P5130,57.0,Male,Faridabad,2023/08/21,24.8,153.0,120.0,unknown,1373.83,0
P5131,32.0,Female,Noida,2023/08/15,26.7,114.0,131.0,Yes,9050.01,0
P5132,58.0,Other,Noida,2024/01/06,24.9,127.0,222.0,Yes,19500.0,0
P5133,56.0,Male,Meerut,2023/05/19,28.7,103.0,123.0,unknown,1978.59,0
P5134,19.0,Female,Faridabad,2023/05/29,25.2,97.0,289.0,no,28118.32,0
P5135,80.0,Female,noida,2023/04/25,20.7,,260.0,Yes,5324.75,0
P5136,46.0,Male,Noida,2024/03/25,26.4,91.0,217.0,unknown,23808.07,0
P5137,83.0,Male,Noida,2023/03/04,24.9,170.0,225.0,no,9536.37,1
P5138,68.0,Male,Delhi,2023/04/14,25.6,167.0,204.0,no,3371.56,1
P5139,27.0,Female,Faridabad,2024/10/29,10.1,178.0,240.0,Y,2169.02,0
P5140,31.0,Other,Noida,2023/09/30,29.4,145.0,251.0,yes,3396.2,0
P5141,68.0,Female,GHAZIABAD,2023/01/06,24.4,173.0,201.0,N,1281.06,0
P5142,56.0,Female,Faridabad,2023/05/27,19.3,,138.0,yes,1742.65,0
P5143,45.0,Female,Gurugram,2023/07/03,30.6,150.0,249.0,yes,1384.42,1
P5144,20.0,Female,Delhi,2023/01/28,29.2,111.0,131.0,Y,4898.52,0
P5145,44.0,Female,Noida,2024/07/03,24.4,124.0,200.0,no,13200.57,0
P5146,19.0,Male,Delhi,2023/04/29,20.2,105.0,193.0,no,1719.46,0
P5147,55.0,Female,Gurugram,2023/10/20,26.9,139.0,217.0,Yes,1617.04,0
P5148,20.0,Female,Meerut,2024/01/06,26.6,132.0,125.0,Y,8749.77,0
P5149,33.0,Male,Meerut,2023/09/01,30.6,106.0,255.0,Yes,2257.03,0
P5150,57.0,Female,Faridabad,2024/08/02,23.8,169.0,244.0,Y,1321.67,1
P5151,19.0,Male,Gurugram,2024/12/26,85.21897934457375,147.0,170.0,Yes,1960.32,1
P5152,58.0,Female,delhi ,2023/08/06,23.3,91.0,-1.0,No,21087.95,0
P5153,29.0,Female,delhi ,2023/06/26,19.3,93.0,246.0,unknown,14284.05,0
P5154,52.0,Male,Faridabad,2023/10/26,20.3,174.0,259.0,yes,3996.45,1
P5155,82.0,Male,Ghaziabad,2024/11/06,25.7,128.0,192.0,yes,9032.74,0
P5156,72.0,Male,Delhi,2023/02/27,25.7,95.0,121.0,N,6664.99,0
P5157,62.0,Female,Delhi,2023/09/26,27.6,170.0,127.0,unknown,9543.9,0
P5158,79.0,Male,Meerut,2023/11/04,25.5,178.0,258.0,no,9682.53,1
P5159,66.0,Female,delhi ,2024/07/23,30.9,158.0,243.0,N,8426.69,0
P5160,42.0,Male,Delhi ,2023/10/15,24.7,158.0,172.0,No,2975.07,0
P5161,40.0,Other,Noida,2023/04/15,16.0,109.0,129.0,N,818.3,1
P5162,41.0,Female,Noida,2023/08/16,25.4,153.0,231.0,yes,5364.08,1
P5163,55.0,Female,Noida,2023/09/04,16.0,105.0,127.0,no,18229.34,1
P5164,45.0,Female,Meerut,2024/11/30,27.4,140.0,155.0,No,7242.41,0
P5165,38.0,Female,Gurugram,2024/05/08,31.3,126.0,225.0,yes,14788.97,0
P5166,71.0,Female,noida,2023/03/24,21.1,162.0,133.0,unknown,38759.41,0
P5167,35.0,Male,delhi ,2023/07/05,33.1,158.0,205.0,Yes,1929.34,1
P5168,53.0,Male,delhi ,2023/09/09,30.2,131.0,268.0,Y,9915.47,0
P5169,62.0,Male,Delhi ,2023/12/21,32.0,146.0,169.0,No,9474.07,0
P5170,70.0,Male,Delhi,2024/11/26,,155.0,286.0,no,31778.38,1
P5171,47.0,Male,Ghaziabad,2023/07/29,21.0,98.0,139.0,N,34424.62,0
P5172,77.0,Female,Faridabad,2024/08/31,,175.0,206.0,unknown,9784.21,0
P5173,49.0,Other,Delhi,2024/03/22,22.9,153.0,254.0,N,2733.64,0
P5174,84.0,Male,Gurugram,2024/04/04,26.6,175.0,256.0,No,13317.94,0
P5175,84.0,Female,Faridabad,2024/04/16,25.1,111.0,248.0,unknown,1405.61,0
P5176,45.0,Male,delhi ,2024/12/20,31.6,123.0,273.0,no,12638.49,0
P5177,61.0,Female,Gurugram,2024/01/05,29.7,144.0,285.0,No,19781.02,0
P5178,58.0,Female,Faridabad,2024/05/06,,118.0,157.0,no,4360.93,0
P5179,80.0,Female,Delhi ,2023/05/17,16.2,127.0,163.0,N,8467.77,0
P5180,40.0,Other,Delhi ,2024/01/02,22.8,107.0,205.0,yes,4998.95,0
P5181,65.0,Male,GHAZIABAD,2023/07/03,29.5,160.0,163.0,unknown,5106.68,1
P5182,49.0,Female,noida,2024/08/10,27.4,154.0,193.0,Yes,3472.81,0
P5183,74.0,Female,Delhi ,2023/10/14,18.5,90.0,238.0,yes,11988.24,0
P5184,50.0,Male,delhi ,2024/04/16,17.0,177.0,241.0,Yes,22513.08,1
P5185,41.0,Female,Ghaziabad,2024/01/10,27.0,93.0,253.0,N,23108.03,0
P5186,56.0,Male,Noida,2024/10/15,20.7,93.0,264.0,unknown,2036.85,1
P5187,51.0,Female,GHAZIABAD,2024/06/20,21.2,171.0,170.0,yes,17119.14,1
P5188,73.0,Male,Noida,2024/05/25,29.4,116.0,157.0,yes,11197.94,0
P5189,45.0,Male,noida,2024/08/01,32.0,,271.0,No,2831.78,1
P5190,54.0,Female,Faridabad,2023/09/07,22.2,,170.0,Y,1057.24,0
P5191,24.0,Female,Meerut,2024/05/24,25.8,121.0,129.0,N,2995.77,0
P5192,54.0,Male,Delhi ,2024/09/21,25.6,122.0,239.0,no,19962.3,0
P5193,73.0,Male,Ghaziabad,2023/03/14,25.2,117.0,268.0,N,8523.04,0
P5194,82.0,Female,noida,2023/10/09,26.2,144.0,189.0,no,10713.92,1
P5195,82.0,Male,Noida,2023/12/26,29.8,149.0,204.0,unknown,2878.11,0
P5196,64.0,Male,GHAZIABAD,2023/01/10,22.6,159.0,176.0,no,10666.26,0
P5197,37.0,Female,Delhi ,2023/07/30,18.4,151.0,245.0,Yes,728.2,0
P5198,36.0,Female,delhi ,2023/06/01,34.5,169.0,158.0,no,4264.14,0
P5199,46.0,Male,Delhi ,2023/01/05,31.4,123.0,152.0,no,8384.13,0
P5200,77.0,Female,GHAZIABAD,2023/07/14,20.5,176.0,137.0,No,1763.5,0
P5201,35.0,Female,GHAZIABAD,2023/10/10,26.7,177.0,-1.0,yes,14353.01,1
P5202,52.0,Female,Meerut,2024/04/08,31.1,145.0,215.0,N,2643.36,0
P5203,60.0,Female,Delhi ,2023/04/23,29.7,102.0,167.0,N,8950.89,1
P5204,28.0,Male,Delhi ,2023/09/28,28.3,145.0,161.0,unknown,4656.2,0
P5205,66.0,Male,Meerut,2023/06/12,25.1,107.0,146.0,unknown,7751.59,1
P5206,55.0,Male,Gurugram,2024/04/04,34.6,143.0,193.0,no,1409.39,0
P5207,81.0,Female,Gurugram,2023/04/15,27.1,166.0,229.0,Y,636.46,0
P5208,25.0,Male,Faridabad,2024/11/23,23.4,132.0,299.0,N,19724.94,0
P5209,51.0,Female,Gurugram,2024/07/09,30.4,128.0,289.0,unknown,3013.63,1
P5210,65.0,Male,Delhi,2023/10/09,26.5,150.0,151.0,no,14204.04,0
P5211,73.0,Male,Delhi ,2024/11/17,27.7,131.0,145.0,unknown,59212.0,1
P5212,82.0,Female,Ghaziabad,2023/06/11,27.0,170.0,144.0,Yes,2400.29,0
P5213,48.0,Male,Delhi ,2023/12/17,28.5,168.0,194.0,Yes,2964.94,0
P5214,21.0,Male,Delhi,2024/03/09,21.1,107.0,142.0,unknown,9198.05,0
P5215,67.0,Female,Delhi,2023/05/20,18.7,112.0,176.0,Yes,27422.47,1
P5216,47.0,Male,Noida,2024/04/15,,143.0,299.0,unknown,20297.85,0
P5217,76.0,Female,Delhi ,2023/05/12,27.2,119.0,245.0,no,6091.32,1
P5218,84.0,Female,noida,2023/03/28,29.9,147.0,206.0,No,13182.27,1
P5219,62.0,Male,Delhi,2024/11/18,17.2,157.0,150.0,Y,1667.11,0
P5220,21.0,Female,Ghaziabad,2023/07/02,31.3,156.0,183.0,no,30831.97,0
P5221,43.0,Female,Meerut,2024/01/03,23.4,160.0,152.0,No,27172.77,0
P5222,44.0,Male,Faridabad,2023/05/09,22.0,107.0,121.0,No,1930.42,0
P5223,63.0,Male,Noida,2023/09/03,,96.0,137.0,N,3346.81,1
P5224,81.0,Male,Meerut,2024/08/23,21.1,129.0,294.0,no,1344.26,0
P5225,68.0,Female,Noida,2024/07/31,26.0,159.0,280.0,no,3036.53,0
P5226,67.0,Male,Ghaziabad,2024/10/31,25.3,175.0,203.0,unknown,14040.63,1
P5227,23.0,Female,GHAZIABAD,2024/01/13,31.3,154.0,154.0,No,4302.58,0
P5228,76.0,Female,Delhi ,2023/05/29,33.6,157.0,298.0,No,1240.41,0
P5229,32.0,Female,delhi ,2024/03/08,33.4,138.0,233.0,No,3851.15,0
P5230,47.0,Male,noida,2024/09/19,14.7,141.0,265.0,unknown,32369.58,0
P5231,59.0,Male,Meerut,2024/12/26,21.3,118.0,229.0,N,8447.18,0
P5232,54.0,Female,Delhi ,2024/04/13,14.6,110.0,207.0,no,4805.04,1
P5233,59.0,Male,noida,2024/03/21,20.0,179.0,191.0,No,1957.34,0
P5234,52.0,Male,GHAZIABAD,2024/04/25,,167.0,244.0,Yes,34751.25,0
P5235,23.0,Male,delhi ,2023/10/21,28.1,98.0,149.0,no,14256.21,0
P5236,35.0,Male,noida,2023/05/23,23.4,136.0,291.0,unknown,3144.46,0
P5237,46.0,Female,noida,2023/09/07,23.5,165.0,-1.0,N,1081.16,0
P5238,76.0,Male,Meerut,2023/10/29,26.9,131.0,257.0,Yes,966.34,1
P5239,64.0,Male,Gurugram,2023/01/25,17.5,140.0,206.0,unknown,1526.11,0
P5240,34.0,Male,delhi ,2023/03/11,85.42920988527766,145.0,299.0,yes,7454.66,0
P5241,39.0,Female,Delhi ,2024/09/16,23.5,140.0,296.0,no,21633.99,0
P5242,54.0,Female,GHAZIABAD,2023/04/22,25.0,159.0,258.0,yes,5993.24,0
P5243,66.0,Male,delhi ,2023/12/30,26.4,109.0,283.0,unknown,15309.3,0
P5244,30.0,Female,Ghaziabad,2023/10/30,33.5,177.0,280.0,unknown,5223.09,0
P5245,51.0,Female,Gurugram,2024/04/15,30.5,116.0,294.0,unknown,10364.02,0
P5246,70.0,Female,Ghaziabad,2023/04/01,22.2,127.0,132.0,No,11030.35,0
P5247,68.0,Female,GHAZIABAD,2024/06/13,24.7,161.0,159.0,N,2028.93,0
P5248,20.0,Male,Meerut,2024/10/22,24.4,154.0,208.0,No,4085.51,0
P5249,59.0,Male,Meerut,2024/12/26,23.4,143.0,187.0,N,8613.48,1
P5250,49.0,Male,GHAZIABAD,2024/10/24,27.4,113.0,161.0,Y,1086.56,0
P5251,68.0,Male,Noida,2023/07/11,16.7,136.0,266.0,No,4089.57,0
P5252,63.0,Other,GHAZIABAD,2024/07/05,30.4,,213.0,yes,6622.29,0
P5253,38.0,Male,Gurugram,2023/08/30,34.5,172.0,138.0,N,45133.76,0
P5254,61.0,Male,Delhi,2023/05/18,24.7,175.0,142.0,No,5647.75,0
P5255,28.0,Female,Meerut,2023/12/11,24.6,152.0,173.0,no,14045.02,0
P5256,18.0,Female,Faridabad,2023/06/29,26.8,146.0,184.0,unknown,5026.02,0
P5257,80.0,Male,Gurugram,2024/12/12,31.1,144.0,259.0,N,13232.42,0
P5258,41.0,Male,Gurugram,2024/05/17,24.4,149.0,143.0,N,7739.14,0
P5259,30.0,Male,Gurugram,2023/07/22,,151.0,153.0,No,17914.35,0
P5260,28.0,Female,noida,2024/07/26,28.4,119.0,172.0,Y,4733.85,0
P5261,68.0,Male,Gurugram,2023/07/11,37.8,111.0,255.0,No,7916.88,0
P5262,34.0,Male,Meerut,2023/01/05,87.43325188462015,164.0,137.0,yes,8454.42,0
P5263,41.0,Female,Delhi,2023/08/25,16.1,173.0,176.0,yes,4821.8,0
P5264,36.0,Male,Delhi,2024/11/23,18.8,118.0,231.0,N,1746.8,0
P5265,54.0,Female,Gurugram,2023/11/07,26.1,130.0,124.0,N,1285.84,0
P5266,25.0,Female,Ghaziabad,2024/07/02,31.1,131.0,273.0,No,634.5,1
P5267,45.0,Male,Meerut,2023/02/25,22.7,154.0,277.0,yes,17042.27,0
P5268,22.0,Female,Meerut,2024/03/18,24.8,120.0,132.0,yes,2658.47,0
P5269,34.0,Female,delhi ,2023/08/25,29.4,,202.0,Y,2401.05,0
P5270,53.0,Male,Delhi ,2023/07/16,21.2,107.0,148.0,no,11155.52,1
P5271,36.0,Female,Noida,2024/08/07,22.9,106.0,122.0,Y,3585.49,0
P5272,81.0,Female,Noida,2024/07/24,20.2,127.0,209.0,Yes,6142.48,0
P5273,28.0,Female,Ghaziabad,2024/05/28,31.9,103.0,223.0,unknown,1918.78,0
P5274,71.0,Male,Noida,2024/03/24,33.7,176.0,242.0,Y,26200.31,0
P5275,62.0,Other,delhi ,2023/12/26,18.1,178.0,195.0,No,15761.75,0
P5276,64.0,Male,GHAZIABAD,2024/11/30,25.3,168.0,249.0,no,16448.44,0
P5277,29.0,Male,Noida,2023/01/30,33.0,145.0,227.0,No,4677.44,1
P5278,38.0,Male,Meerut,2023/04/18,28.0,111.0,275.0,unknown,11996.03,1
P5279,28.0,Male,GHAZIABAD,2024/08/24,23.6,156.0,201.0,Yes,1742.72,0
P5280,22.0,Female,Noida,2024/12/17,18.3,145.0,196.0,no,569.25,0
P5281,73.0,Male,Meerut,2024/03/20,31.8,108.0,121.0,N,661.4,1
P5282,37.0,Male,Meerut,2024/03/13,27.8,146.0,246.0,yes,7566.75,0
P5283,58.0,Female,Gurugram,2024/08/28,18.6,,254.0,Y,5361.55,0
P5284,63.0,Male,Delhi,2024/04/01,31.9,124.0,145.0,No,6338.74,0
P5285,29.0,Male,Ghaziabad,2024/09/06,18.0,90.0,207.0,Yes,559.93,0
P5286,34.0,Male,delhi ,2024/11/28,24.9,141.0,135.0,yes,4894.96,0
P5287,36.0,Male,noida,2024/11/26,24.7,174.0,270.0,Y,10628.72,0
P5288,43.0,Male,Delhi ,2024/05/09,34.1,159.0,287.0,yes,5177.12,0
P5289,65.0,Female,Noida,2024/11/04,24.7,126.0,192.0,Y,11040.69,0
P5290,69.0,Male,Noida,2023/09/04,24.7,154.0,151.0,N,2622.35,0
P5291,72.0,Male,GHAZIABAD,2024/06/26,19.2,140.0,134.0,no,13919.25,0
P5292,50.0,Female,GHAZIABAD,2024/07/17,22.8,90.0,260.0,yes,7602.23,1
P5293,79.0,Female,Delhi ,2024/08/10,21.9,110.0,124.0,yes,2393.51,0
P5294,40.0,Male,Noida,2024/03/14,22.2,142.0,-1.0,yes,2661.05,0
P5295,32.0,Female,Faridabad,2023/10/05,26.0,105.0,171.0,no,8411.55,1
P5296,44.0,Male,delhi ,2024/07/05,13.8,150.0,196.0,Yes,14672.81,1
P5297,81.0,Female,Noida,2024/09/04,18.4,143.0,288.0,Y,4797.74,0
P5298,68.0,Female,Delhi,2023/04/21,25.4,129.0,229.0,N,2890.49,0
P5299,70.0,Male,Delhi ,2024/01/20,26.6,115.0,297.0,yes,16639.95,0
P5300,68.0,Female,Faridabad,2023/07/10,24.8,169.0,262.0,unknown,9351.58,1
P5301,64.0,Male,delhi ,2024/05/04,25.8,154.0,225.0,no,5254.9,1
P5302,21.0,Female,Noida,2024/11/24,24.0,163.0,246.0,Yes,5853.89,1
P5303,24.0,Male,noida,2024/03/01,25.9,153.0,126.0,Y,2327.83,0
P5304,52.0,Female,Gurugram,2024/02/09,28.2,132.0,159.0,no,8385.18,0
P5305,65.0,Female,Delhi,2023/12/01,28.1,106.0,275.0,N,4054.59,0
P5306,62.0,Female,noida,2023/07/28,22.6,148.0,279.0,N,43991.77,0
P5307,36.0,Male,GHAZIABAD,2023/01/22,30.6,112.0,218.0,Y,5734.24,0
P5308,80.0,Female,GHAZIABAD,2024/11/08,26.8,96.0,262.0,yes,5822.48,0
P5309,55.0,Female,Noida,2024/09/02,32.2,133.0,204.0,N,7174.95,0
P5310,84.0,Female,GHAZIABAD,2023/07/27,33.2,142.0,184.0,Yes,20387.83,0
P5311,76.0,Female,Delhi,2023/01/08,18.8,160.0,251.0,no,13408.29,0
P5312,30.0,Female,delhi ,2024/12/02,21.7,168.0,130.0,Yes,5299.15,0
P5313,64.0,Male,Meerut,2024/11/17,30.1,123.0,227.0,yes,10646.65,0
P5314,78.0,Male,Ghaziabad,2024/06/12,17.7,135.0,145.0,Yes,7559.67,0
P5315,48.0,Female,Delhi ,2024/08/24,33.1,157.0,284.0,Yes,5923.97,1
P5316,39.0,Male,delhi ,2024/10/14,24.3,167.0,270.0,No,2208.67,0
P5317,60.0,Other,Meerut,2024/10/18,28.9,167.0,204.0,Yes,5488.02,1
P5318,84.0,Female,Faridabad,2023/06/15,25.4,105.0,287.0,Y,2756.98,0
P5319,71.0,Female,Delhi,2024/05/10,19.0,160.0,270.0,no,20205.99,0
P5320,27.0,Male,noida,2024/08/12,31.3,,242.0,No,3768.64,0
P5321,59.0,Female,Meerut,2024/03/04,39.8,91.0,263.0,no,24836.56,0
P5322,81.0,Female,Delhi,2023/06/12,23.4,,187.0,no,6592.36,1
P5323,38.0,Female,Gurugram,2024/01/01,24.4,139.0,223.0,yes,8487.48,0
P5324,83.0,Female,noida,2024/06/09,12.8,170.0,-1.0,yes,6763.53,1
P5325,58.0,Male,GHAZIABAD,2023/08/27,32.8,101.0,278.0,No,1608.4,0
P5326,41.0,Female,GHAZIABAD,2023/03/13,30.6,159.0,172.0,N,4270.55,1
P5327,52.0,Female,noida,2024/03/20,,111.0,225.0,unknown,1335.3,0
P5328,73.0,Male,Faridabad,2024/10/16,,121.0,272.0,yes,8303.11,1
P5329,47.0,Male,Faridabad,2024/05/23,16.3,173.0,163.0,unknown,5237.36,0
P5330,74.0,Female,Faridabad,2023/09/26,29.2,90.0,259.0,yes,12540.08,0
P5331,64.0,Female,Meerut,2024/02/19,29.7,143.0,209.0,yes,2492.52,0
P5332,52.0,Other,Delhi ,2023/09/02,21.4,147.0,220.0,no,1938.43,1
P5333,36.0,Female,Meerut,2024/11/05,28.5,159.0,216.0,No,4671.48,0
P5334,25.0,Male,Noida,2023/03/01,26.8,172.0,128.0,no,21393.06,0
P5335,43.0,Male,Ghaziabad,2023/01/06,24.2,107.0,131.0,Y,10414.64,1
P5336,47.0,Male,noida,2024/12/09,30.9,95.0,-1.0,no,4842.98,0
P5337,24.0,Male,delhi ,2024/07/23,,134.0,147.0,unknown,6326.42,0
P5338,84.0,Male,Ghaziabad,2024/02/11,31.7,296.85438455339573,175.0,unknown,1203.77,0
P5339,82.0,Male,Gurugram,2023/08/05,22.4,112.0,218.0,Y,33874.59,0
P5340,53.0,Male,Meerut,2023/01/26,34.9,115.0,229.0,Yes,9282.68,1
P5341,42.0,Female,Meerut,2023/01/05,21.0,166.0,196.0,Yes,3188.3,1
P5342,54.0,Male,Delhi,2024/06/15,24.2,96.0,222.0,Y,7551.41,0
P5343,18.0,Female,Ghaziabad,2024/01/25,26.3,168.0,225.0,Y,1427.62,1
P5344,32.0,Female,Delhi,2024/12/10,,133.0,228.0,no,27512.82,0
P5345,54.0,Male,delhi ,2024/07/24,28.5,116.0,231.0,Y,2036.89,0
P5346,30.0,Male,Delhi,2024/03/23,19.6,115.0,177.0,No,8853.68,0
P5347,25.0,Male,Ghaziabad,2023/05/26,25.8,168.0,197.0,Yes,2753.12,0
P5348,22.0,Male,noida,2024/01/23,26.7,125.0,194.0,Yes,10614.35,0
P5349,77.0,Female,Gurugram,2023/09/06,83.14709178167479,144.0,161.0,N,12498.26,1
P5350,18.0,Male,Meerut,2024/06/09,,153.0,285.0,Y,9452.64,1
P5351,53.0,Male,delhi ,2024/04/06,19.3,146.0,187.0,yes,8125.7,0
P5352,52.0,Male,Meerut,2023/01/13,24.4,158.0,152.0,yes,18339.82,0
P5353,83.0,Other,Noida,2024/01/19,22.2,150.0,190.0,Y,1155.12,0
P5354,80.0,Female,Gurugram,2024/07/09,24.4,91.0,175.0,No,3714.75,1
P5355,40.0,Female,Delhi ,2024/02/03,33.2,144.0,224.0,yes,2783.21,1
P5356,26.0,Male,Delhi,2023/01/19,33.3,169.0,-1.0,N,35892.1,0
P5357,51.0,Female,GHAZIABAD,2024/07/28,32.4,176.0,170.0,unknown,4446.37,1
P5358,63.0,Female,Ghaziabad,2024/05/05,,127.0,193.0,Y,11052.46,0
P5359,21.0,Female,Meerut,2024/02/23,30.5,169.0,290.0,No,9734.48,0
P5360,47.0,Other,Delhi,2023/12/03,26.6,167.0,240.0,No,2406.88,0
P5361,20.0,Male,delhi ,2024/02/23,26.2,118.0,262.0,no,2684.95,0
P5362,31.0,Female,Meerut,2024/09/03,25.6,115.0,285.0,No,3142.32,0
P5363,77.0,Female,Delhi ,2024/11/05,34.8,124.0,262.0,yes,4736.36,0
P5364,62.0,Male,Gurugram,2023/05/02,32.8,168.0,124.0,unknown,2635.98,0
P5365,51.0,Male,Gurugram,2024/03/07,29.7,156.0,202.0,yes,658.78,0
P5366,62.0,Other,Meerut,2023/02/13,25.1,176.0,170.0,Y,17421.75,0
P5367,78.0,Male,delhi ,2023/11/13,26.2,118.0,129.0,unknown,27459.88,0
P5368,33.0,Female,Gurugram,2024/01/16,28.7,123.0,259.0,Y,3843.18,0
P5369,83.0,Other,Gurugram,2023/05/25,23.4,130.0,123.0,No,3806.05,1
P5370,57.0,Female,Delhi ,2023/11/23,30.7,130.0,214.0,N,556.94,0
P5371,34.0,Male,Ghaziabad,2023/12/29,21.4,112.0,-1.0,Yes,9621.74,0
P5372,51.0,Female,delhi ,2023/02/19,28.0,160.0,199.0,unknown,14463.89,0
P5373,33.0,Male,delhi ,2023/03/06,14.6,92.0,155.0,no,1768.29,1
P5374,77.0,Female,noida,2023/12/21,23.2,147.0,-1.0,Yes,1891.65,1
P5375,83.0,Male,noida,2023/06/13,36.4,121.0,217.0,No,12988.35,0
P5376,83.0,Female,Gurugram,2023/05/21,31.2,120.0,283.0,No,8162.96,0
P5377,30.0,Female,GHAZIABAD,2023/05/08,33.7,171.0,220.0,Yes,867.18,1
P5378,73.0,Female,noida,2024/02/02,22.7,132.0,128.0,no,8294.47,0
P5379,48.0,Female,Gurugram,2024/04/07,26.5,96.0,180.0,unknown,3455.97,0
P5380,51.0,Female,Faridabad,2023/07/06,32.4,90.0,172.0,unknown,4180.11,0
P5381,56.0,Female,Noida,2024/12/20,,150.0,265.0,Yes,12248.07,0
P5382,84.0,Male,Noida,2023/07/09,,103.0,-1.0,Y,13825.32,0
P5383,25.0,Female,delhi ,2024/01/23,34.2,141.0,282.0,yes,4591.36,0
P5384,72.0,Male,GHAZIABAD,2024/03/04,20.8,95.0,182.0,N,24022.82,0
P5385,44.0,Female,Delhi ,2023/10/11,25.1,99.0,240.0,Y,4673.24,1
P5386,70.0,Male,Ghaziabad,2023/08/25,17.2,160.0,224.0,unknown,12321.53,0
P5387,56.0,Male,noida,2023/07/13,20.5,179.0,123.0,yes,5791.29,1
P5388,82.0,Female,Faridabad,2023/10/14,31.4,119.0,212.0,N,18725.66,0
P5389,34.0,Male,Gurugram,2023/05/16,21.4,110.0,288.0,N,19567.0,0
P5390,47.0,Male,GHAZIABAD,2023/06/20,29.7,149.0,292.0,N,1231.81,0
P5391,70.0,Female,delhi ,2023/06/08,34.3,170.0,297.0,No,22552.88,1
P5392,30.0,Female,noida,2023/07/20,25.1,163.0,147.0,N,14468.24,1
P5393,38.0,Female,GHAZIABAD,2024/05/01,28.6,152.0,289.0,no,13035.27,0
P5394,36.0,Male,noida,2024/07/10,29.7,131.0,199.0,Yes,2294.27,1
P5395,70.0,Female,Ghaziabad,2024/08/05,19.9,140.0,195.0,unknown,13582.94,0
P5396,36.0,Male,Ghaziabad,2024/05/18,,153.0,235.0,no,15684.04,1
P5397,74.0,Female,Delhi ,2024/01/06,21.0,165.0,188.0,Yes,3230.35,0
P5398,42.0,Female,Noida,2023/04/13,23.3,145.0,217.0,Y,24835.9,1
P5399,48.0,Female,Delhi,2023/05/05,29.6,169.0,120.0,Y,909.17,0
P5400,72.0,Male,Delhi,2023/11/09,23.0,130.0,286.0,Yes,1799.3,0
P5401,40.0,Male,noida,2024/04/02,25.8,121.0,215.0,no,6670.27,0
P5402,49.0,Male,Delhi ,2023/08/18,,104.0,136.0,Yes,7360.26,0
P5403,79.0,Male,Delhi,2024/10/19,32.1,151.0,231.0,N,8788.48,0
P5404,27.0,Male,delhi ,2023/07/16,23.3,116.0,210.0,No,636.92,0
P5405,71.0,Female,Delhi,2024/02/27,33.6,117.0,207.0,unknown,26324.7,0
P5406,69.0,Male,Meerut,2024/07/25,26.3,170.0,282.0,Y,864.9,0
P5407,37.0,Female,Gurugram,2024/09/01,19.0,,293.0,unknown,1735.12,0
P5408,49.0,Male,Delhi ,2023/06/20,25.1,148.0,289.0,No,612.91,0
P5409,31.0,Female,delhi ,2024/01/17,20.7,147.0,286.0,N,7193.53,1
P5410,67.0,Female,GHAZIABAD,2023/06/22,28.9,91.0,209.0,N,22037.44,0
P5411,45.0,Male,delhi ,2024/10/24,24.7,125.0,168.0,Y,9271.65,0
P5412,70.0,Male,Noida,2024/03/28,26.8,160.0,157.0,Y,14337.38,0
P5413,41.0,Female,GHAZIABAD,2023/12/16,24.2,102.0,270.0,N,606.96,0
P5414,39.0,Male,Faridabad,2024/09/25,23.2,104.0,269.0,yes,6747.36,0
P5415,47.0,Female,Gurugram,2024/05/08,21.1,178.0,251.0,unknown,5423.02,0
P5416,80.0,Female,Gurugram,2024/09/11,30.2,311.52168021389963,-1.0,No,6028.68,0
P5417,21.0,Female,Gurugram,2023/01/04,25.1,149.0,-1.0,unknown,1099.63,1
P5418,76.0,Male,Gurugram,2023/04/03,24.4,111.0,187.0,No,9727.13,0
P5419,25.0,Female,noida,2023/01/06,25.0,152.0,249.0,yes,6096.87,0
P5420,29.0,Female,Gurugram,2023/10/15,22.6,179.0,168.0,no,12090.43,0
P5421,48.0,Female,Gurugram,2024/09/09,24.4,164.0,245.0,No,5813.22,0
P5422,51.0,Male,Gurugram,2023/05/26,27.0,163.0,278.0,unknown,1794.33,1
P5423,66.0,Female,Delhi ,2024/02/28,20.8,114.0,230.0,Yes,8858.83,0
P5424,74.0,Female,noida,2024/08/30,21.6,137.0,287.0,N,2013.67,0
P5425,43.0,Female,Ghaziabad,2024/04/01,32.9,132.0,167.0,N,16970.5,0
P5426,35.0,Male,delhi ,2023/07/21,24.2,127.0,170.0,yes,8097.05,0
P5427,55.0,Female,delhi ,2023/07/31,23.2,130.0,162.0,No,1868.24,0
P5428,67.0,Male,GHAZIABAD,2023/01/06,19.3,134.0,217.0,no,26732.84,1
P5429,25.0,Female,Delhi ,2024/09/15,30.3,177.0,296.0,No,6344.56,1
P5430,58.0,Female,Meerut,2024/01/11,20.7,129.0,243.0,N,1105.54,1
P5431,23.0,Female,delhi ,2024/03/22,25.9,106.0,199.0,Y,8385.83,1
P5432,61.0,Female,Delhi,2023/04/16,17.5,177.0,230.0,Yes,2835.65,0
P5433,81.0,Male,Meerut,2024/10/12,30.1,146.0,262.0,yes,13524.62,0
P5434,46.0,Other,Gurugram,2024/02/05,31.9,91.0,146.0,Y,14122.17,1
P5435,45.0,Male,Gurugram,2023/04/06,28.4,151.0,277.0,unknown,31385.83,1
P5436,28.0,Female,noida,2024/01/23,18.3,177.0,283.0,no,6075.15,1
P5437,82.0,Female,Meerut,2024/03/27,30.2,98.0,232.0,Y,5355.12,0
P5438,36.0,Female,Delhi,2024/02/20,21.9,157.0,205.0,unknown,11702.35,0
P5439,26.0,Male,noida,2024/12/26,20.1,170.0,-1.0,Y,1636.85,1
P5440,44.0,Female,GHAZIABAD,2024/05/18,24.1,106.0,243.0,no,6833.41,0
P5441,51.0,Female,Meerut,2024/03/29,24.0,139.0,168.0,Y,6821.63,1
P5442,61.0,Male,Delhi ,2023/10/18,23.5,129.0,195.0,yes,1249.85,0
P5443,32.0,Female,Gurugram,2024/06/17,32.4,252.70140933566938,174.0,N,4830.06,0
P5444,68.0,Male,Gurugram,2023/07/12,36.1,164.0,175.0,No,15854.1,0
P5445,30.0,Male,Noida,2023/05/30,19.2,174.0,214.0,Y,16012.07,1
P5446,66.0,Male,noida,2024/05/29,22.6,110.0,163.0,yes,1336.11,0
P5447,73.0,Male,Ghaziabad,2024/01/28,26.7,107.0,278.0,No,1260.83,0
P5448,68.0,Female,Ghaziabad,2023/11/12,24.1,144.0,206.0,unknown,2938.03,1
P5449,54.0,Male,noida,2023/03/17,28.0,118.0,203.0,No,17120.57,0
P5450,34.0,Male,Delhi ,2024/08/21,30.6,113.0,270.0,unknown,1604.01,1
P5451,75.0,Male,Faridabad,2023/09/27,,163.0,275.0,Y,10683.63,0
P5452,46.0,Female,noida,2023/08/13,29.0,106.0,135.0,yes,1353.25,1
P5453,50.0,Female,Delhi ,2024/06/13,34.3,107.0,284.0,N,8307.01,0
P5454,77.0,Male,GHAZIABAD,2023/04/23,18.1,131.0,268.0,Y,4021.29,1
P5455,72.0,Male,Gurugram,2023/09/08,,173.0,264.0,unknown,12943.92,1
P5456,27.0,Female,Delhi,2023/08/21,23.9,134.0,156.0,no,2629.35,0
P5457,64.0,Male,Faridabad,2024/12/14,29.9,171.0,196.0,No,8655.49,0
P5458,40.0,Female,Meerut,2023/03/24,20.9,106.0,266.0,Y,2650.18,0
P5459,38.0,Male,Faridabad,2023/05/05,,162.0,277.0,unknown,10504.61,0
P5460,30.0,Female,Delhi,2023/06/24,29.3,103.0,164.0,No,17051.37,1
P5461,50.0,Male,Noida,2023/03/10,16.4,138.0,265.0,unknown,1584.74,0
P5462,41.0,Female,Gurugram,2023/02/16,30.9,118.0,181.0,yes,16614.97,0
P5463,28.0,Male,Ghaziabad,2023/09/13,32.3,93.0,283.0,Yes,7702.85,0
P5464,34.0,Other,Delhi ,2024/12/27,26.9,171.0,219.0,Y,1587.57,1
P5465,64.0,Male,noida,2023/01/30,26.7,109.0,171.0,N,4962.53,1
P5466,42.0,Female,noida,2023/10/08,21.8,136.0,138.0,Y,1903.02,0
P5467,38.0,Male,Ghaziabad,2023/08/25,29.4,98.0,228.0,No,10141.06,0
P5468,29.0,Male,Faridabad,2023/09/05,,166.0,163.0,yes,11879.29,0
P5469,54.0,Female,Gurugram,2024/01/03,21.4,168.0,126.0,unknown,1394.58,0
P5470,59.0,Male,delhi ,2024/05/09,24.0,116.0,291.0,no,6144.02,0
P5471,34.0,Female,Delhi ,2023/01/25,25.2,104.0,236.0,N,13983.0,0
P5472,65.0,Female,GHAZIABAD,2024/08/08,24.0,108.0,-1.0,yes,22511.38,0
P5473,45.0,Female,Delhi,2024/12/18,19.2,179.0,153.0,Y,6264.44,0
P5474,58.0,Male,Faridabad,2024/05/04,29.5,141.0,188.0,no,24510.66,0
P5475,64.0,Female,Meerut,2024/05/08,24.8,115.0,174.0,yes,6637.61,0
P5476,35.0,Male,Noida,2023/11/10,26.1,178.0,129.0,Yes,4509.52,0
P5477,30.0,Female,noida,2024/08/28,23.1,115.0,161.0,N,15581.7,1
P5478,30.0,Female,Faridabad,2024/01/10,28.4,115.0,160.0,No,5933.68,0
P5479,48.0,Female,Noida,2024/09/30,27.0,135.0,241.0,yes,5607.79,0
P5480,19.0,Female,Delhi,2023/01/25,32.1,138.0,257.0,yes,5891.66,0
P5481,33.0,Female,noida,2023/11/30,28.4,171.0,129.0,Yes,15507.31,1
P5482,26.0,Male,noida,2023/12/21,25.0,142.0,221.0,Y,14767.55,1
P5483,55.0,Female,delhi ,2023/04/26,22.3,92.0,247.0,unknown,4633.68,0
P5484,71.0,Male,Faridabad,2023/02/17,30.3,155.0,298.0,unknown,3743.32,0
P5485,73.0,Female,Gurugram,2023/04/09,24.6,131.0,268.0,N,5917.06,0
P5486,62.0,Female,Ghaziabad,2024/04/03,25.1,108.0,255.0,N,7303.51,0
P5487,51.0,Female,Ghaziabad,2024/06/06,25.1,106.0,211.0,No,2678.01,0
P5488,26.0,Male,GHAZIABAD,2024/08/19,24.0,122.0,232.0,yes,13137.29,0
P5489,25.0,Female,Meerut,2024/02/09,25.2,165.0,197.0,no,5831.77,0
P5490,24.0,Male,Noida,2023/08/02,86.4264427132421,138.0,204.0,yes,3752.27,0
P5491,53.0,Male,Faridabad,2024/11/15,20.8,145.0,149.0,unknown,1403.75,0
P5492,35.0,Male,Delhi ,2024/05/17,21.9,152.0,168.0,No,2683.35,0
P5493,20.0,Male,Meerut,2024/12/21,32.9,92.0,128.0,yes,24351.66,0
P5494,45.0,Male,delhi ,2024/03/23,24.1,138.0,264.0,Yes,3411.9,0
P5495,61.0,Female,noida,2024/07/29,23.7,144.0,188.0,unknown,1979.65,0
P5496,38.0,Male,Gurugram,2023/09/15,31.2,115.0,177.0,yes,5439.46,1
P5497,45.0,Male,Faridabad,2023/05/01,18.9,161.0,181.0,yes,3434.82,0
P5498,71.0,Female,Meerut,2023/02/23,30.1,141.0,171.0,unknown,786.34,0
P5499,71.0,Male,Meerut,2023/11/27,26.2,96.0,159.0,no,3622.39,1
P5003,69.0,Female,GHAZIABAD,2024/03/26,29.4,178.0,263.0,yes,826.14,0
P5007,58.0,Male,delhi ,2024/12/20,33.1,103.0,248.0,Y,5419.77,0
