RollNo,Name,Gender,Age,Attendance,Marks,Department
101,Ishan Singh,Female,20.0,65.3,66.0,ME
102,Aditya Khan,F,17.0,62.9,53.0,ECE
103,Ishan Mehta,female,17.0,99.2,75.0,ME
104,Kabeer Reddy,M,18.0,78.2,82.0,CE
105,Vivaan Khan,Male,20.0,66.7,89.0,CSE
106,Meera Khan,F,20.0,99.8,250.0,CSE
107,Kabir Nair,female,,98.4,61.0,CE
108,Diya Khan,F,19.0,80.1,62.0,CSE
109,Anaya Nair,male,17.0,94.7,96.0,CE
110,Diya Patel,female,21.0,63.5,47.0,CE
111,Aarav Mehta,female,17.0,67.5,54.0,CE
112,Anaya Das,,17.0,86.5,83.0,CSE
113,Vihaan Mehta,female,19.0,93.1,87.0,ME
114,Myra Gupta,F,17.0,93.5,96.0,CE
115,Anaya Reddy,female,,73.2,75.0,ECE
116,Tara Das,M,18.0,94.9,53.0,CSE
117,Kabir Patel,M,20.0,93.3,61.0,CE
118,Kabeer Reddy,male,21.0,97.1,76.0,CE
119,Arjun Reddy,F,17.0,90.3,52.0,ECE
120,Riya Singh,Female,17.0,85.1,95.0,ME
121,Kiara Verma,Female,19.0,81.1,56.0,ME
122,Arjun Mehta,female,18.0,71.8,31.0,ME
123,Diya Singh,male,21.0,97.3,46.0,CE
124,Aditya Reddy,Male,20.0,98.8,62.0,CE
125,Anaya Khan,female,18.0,67.8,38.0,CE
126,Aditya Gupta,male,20.0,68.7,72.0,CSE
127,Kiara Sharma,F,19.0,76.9,,ECE
128,Meera Verma,F,19.0,75.2,68.0,CE
129,Priya Singh,F,17.0,99.8,71.0,ECE
130,Diya Nair,F,21.0,62.9,55.0,ECE
131,Nisha Singh,F,20.0,55.8,79.0,ME
132,Riya Mehta,male,18.0,77.2,54.0,CSE
133,Anaya Verma,male,19.0,63.0,53.0,CE
134,Nisha Singh,M,17.0,71.5,42.0,ME
135,Kiara Khan,Female,17.0,88.5,89.0,ME
136,Kiara Reddy,F,,87.4,36.0,CE
137,Priya Patel,Male,19.0,,86.0,ECE
138,Myra Verma,male,21.0,79.4,65.0,ME
139,Aditya Patel,Male,19.0,77.9,74.0,ECE
140,Reyansh Das,Male,20.0,83.6,49.0,CSE
141,Aditya Sharma,Male,20.0,66.3,94.0,ECE
142,Ishan Das,M,19.0,81.5,37.0,CSE
143,Aarav Khan,male,20.0,99.1,45.0,ECE
144,Vivaan Gupta,Male,19.0,76.9,43.0,ME
145,Vihaan Khan,F,18.0,,44.0,ME
146,Kabir Gupta,female,19.0,74.5,95.0,CSE
147,Aarav Patel,Male,19.0,70.8,61.0,CE
148,Nisha Reddy,M,20.0,84.0,92.0,CSE
149,Arjun Reddy,male,20.0,85.1,80.0,CSE
150,Arjun Khan,M,17.0,,54.0,ECE
151,Anaya Verma,Male,17.0,65.4,87.0,ECE
152,Aarav Reddy,male,18.0,77.5,92.0,CSE
153,Rohan Gupta,female,17.0,80.7,91.0,ME
154,Anaya Khan,Male,19.0,89.6,,ECE
155,Kabir Sharma,M,20.0,57.0,87.0,CE
156,Kabir Patel,Female,17.0,99.8,87.0,ECE
157,Aditya Gupta,F,17.0,76.1,78.0,ECE
158,Aarav Patel,,18.0,67.6,,CE
159,Kiara Reddy,male,18.0,,71.0,CSE
160,Arjun Mehta,Male,,,99.0,CE
111,Aarav Mehta,female,17.0,67.5,54.0,CE
